artist,song title,genre
Casual,I Didn't Mean To,Hip Hop/Rap
Adam Ant,Something Girls,Rock
Gob,Face the Ashes,Rock
Lionel Richie,Tonight Will Be Alright,R&B
Blue Rodeo,Floating,Rock
Tesla,Caught In A Dream,Rock
The Dillinger Escape Plan,Setting Fire to Sleeping Giants,Rock
Five Bolt Main,Made Like This (Live),Rock
Willie Bobo,Spanish Grease,Jazz
John Wesley,The Emperor Falls,Rock
Billie Jo Spears,It Makes No Difference Now,Country
The Rolling Stones,Angie (1993 Digital Remaster),Rock
Stevie Ray Vaughan,Crossfire,Blues
Casiotone For The Painfully Alone,Nashville Parthenon,Jazz
Eliane Elias,The More I See You,Jazz
Lost Boyz,Certain Things We Do,Hip Hop/Rap
The Germs,Forming,Rock
Chris Rea,Driving Home For Christmas,Rock
The Berzerker,Deform (live),Electronic
Kings Of Leon,Wicker Chair,Rock
NOFX,Stickin In My Eye,Rock
Van Halen,Panama (Remastered Album Version),Rock
Black Eyed Peas,Let's Get It Started,Hip Hop/Rap
Nine Inch Nails,Metal,Rock
Nick Cave & The Bad Seeds,She Fell Away (2009 Digital Remaster),Rock
Lesley Gore,It's My Party,Pop
Slim Whitman,Indian Love Call,Country
Savage Garden,You Can Still Be Free,Rock
Queens Of The Stone Age,I Never Came,Rock
Inspiral Carpets,Commercial Reign,Rock
Organized Konfusion,Hate,Hip Hop/Rap
Martina McBride,I Can't Stop Loving You,Country
Hot Tuna,Candy Man,Rock
Boyz II Men,On Bended Knee,R&B
Donny Hathaway,Little Girl (LP Version),Soul
Wolfmother,White Feather,Rock
Jupiter Rising,They Say (Album),Pop
Saafir,Crawl Before You Ball (Album Version),Hip Hop/Rap
The Verve Pipe,Medicate Myself,Rock
Maxi Priest,Groovin' In The Midnight,Ska
Porcupine Tree,Waiting,Rock
Foo Fighters,Hell,Rock
Robben Ford,I Got Over It (Album Version),Jazz
Britt Nicole,Hanging On (Medium Key Performance Track Without Background Vocals),Christian
Dolly Parton,Letter To Heaven,Country
Pearl Jam,Inside Job,Rock
Natalie Cole,Take A Look  (LP Version),R&B
DJ Quik,Born and Raised In Compton,Hip Hop/Rap
Hank Locklin,We're Gonna Go Fishin',Country
Diesel Boy,Cooler Than You,Rock
Cradle Of Filth,Summer Dying Fast,Rock
Test Icicles,Snowball,Electronic
Heaven 17,(We Don't Need This) Fascist Groove Thang,Rock
Dimmu Borgir,Master Of Disharmony,Rock
Sex Pistols,God Save the Queen (Live),Rock
Chris Brown,Forever,R&B
Hem,Have Yourself A Merry Little Christmas,Pop
Lily Allen,U Killed It,Pop
The Killers,Spaceman,Rock
Orbital,Illuminate,Electronic
Rage Against The Machine,Kick Out The Jams,Hip Hop/Rap
Rise Against,Amber Changing,Rock
Korn,Hey Daddy,Rock
Agnes,I Need You Now,Rock
Tantric,Walk Away,Rock
Mastodon,Shadows That Move,Rock
Korn,Ever Be,Rock
Extreme,Teacher's Pet,Rock
Prozak,Go To Hell,Hip Hop/Rap
Placebo,English Summer Rain,Pop
Soul Asylum,Lies Of Hate,Rock
Nightwish,Escapist,Rock
Silverstein,Always And Never (Album Version),Rock
The Notorious B.I.G.,Who Shot Ya (Amended Album Version),Hip Hop/Rap
Sandi Thom,Wounded Hearts,Pop
Gene Clark,Set You Free This Time,Rock
The Shirelles,Will You Love Me Tomorrow,R&B
Panic At The Disco,Northern Downpour (Album Version),Rock
Jan Howard,Bad Seed,Country
Sticky Fingaz,Oh My God,Hip Hop/Rap
The Jeff Healey Band,Hoochie Coochie Man,Blues
Danny Wilson,The Second Summer Of Love,Rock
Shawn Colvin,Another Long One,Rock
Backstreet Boys,Larger Than Life,Pop
Glad,Blessed Assurance,Christian
Tom Petty,A Higher Place (Album Version),Rock
Mitch Ryder,Jenny Take a Ride,Rock
Lupe Fiasco,Streets On Fire (Explicit Album Version),Hip Hop/Rap
Gwen Stefani,Harajuku Girls,Pop
Story Of The Year,Swallow The Knife (Live) (Segue),Rock
Natural Elements,Mayday,Hip Hop/Rap
Neil Sedaka,Because Of You,Pop
A Static Lullaby,Rattlesnake!,Rock
Nights Like These,Ghost Town Rituals (Album Version),Rock
Oasis,Morning Glory,Pop
Eddy Arnold,Just A Little Lovin' (Will Go A Long Way),Country
All Time Low,Shameless,Rock
UFO,Chains Chains (Live In Hammersmith),Rock
VHS Or Beta,The Melting Moon (Edit),Rock
Bullet For My Valentine,Suffocating Under Words Of Sorrow (What Can I Do),Rock
Beatnuts,Monster For Music,Hip Hop/Rap
Rise Against,Everchanging,Rock
Pursuit Of Happiness,Forbidden Fruit,Rock
Amy Winehouse,Stronger Than Me,R&B
Michael Card,Joy In The Journey (The Final Word Album Version),Christian
A Static Lullaby,God Bless You (Goddamn it),Rock
Scar Symmetry,The Illusionist,Rock
Eighteen Visions,Our Darkest Days,Rock
George Harrison,Hear Me Lord (2001 Digital Remaster),Rock
Weezer,Don't Let Go,Rock
Jackson United,Undertow,Rock
Creedence Clearwater Revived,Have You Ever Seen The Rain,Rock
Hatebreed,As Diehard As They Come (Album Version),Rock
Sister Hazel,Walls And Cannonballs (Album),Rock
Kings Of Leon,Knocked Up,Rock
Brooke Valentine,Taste Of Dis (Explicit Version),Hip Hop/Rap
Mary Black,Turning Away,Pop
Owl City,Panda Bear,Electronic
The Rascals,Nubia (LP Version),R&B
Shakira,Pienso En Ti,Pop
Blink-182,A New Hope,Rock
Abysmal Dawn,Compulsory Resurrection,Rock
Chaotica,Lobotomy,Rock
Neil Innes,Lie Down And Be Counted (2007 Digital Remaster),Pop
Siouxsie,Into A Swan,Rock
Zeromancer,Ammonite,Rock
Two Man Advantage,The Sweep,Rock
Green Day,Wake Me Up When September Ends (Live at Foxboro_ MA 9/3/05),Rock
Donny Hathaway,This Christmas (LP Version),Soul
Architecture In Helsinki,Heart it Races (Frank Tetaz Remix),Rock
Alice In Chains,Lesson Learned,Rock
Ini Kamoze,Here Comes The Hotstepper,Ska
Baroness,The Sweetest Curse,Rock
Placebo,Slave To The Wage,Pop
Metallica,Hit The Lights,Rock
Cauterize,Shooting Stars,Rock
Robben Ford,Something For The Pain,Jazz
Anti-Flag,This Is NOT a Crass Song,Rock
Rickie Lee Jones,Skeletons (Live Acoustic Version),Rock
Shelby Lynne,Old Times Sake,Country
Franz Ferdinand,Eleanor Put Your Boots On,Rock
James Taylor,Steamroller Blues,Pop
Kelly Clarkson,My Life Would Suck Without You,Rock
The Exies,Creeper Kamikaze,Rock
Buzzcocks,Strange Thing,Rock
3 Doors Down,It's Not Me,Rock
Ma Rainey,Ma Rainey's Black Bottom,Blues
Zombie Girl,I Want It,Electronic
Bone Thugs-N-Harmony,Murder One,Hip Hop/Rap
Mastodon,Deep Sea Creature,Rock
Radiohead,Subterranean Homesick Alien,Rock
Dave Hollister,Tell Me Why,Soul
DMX,Damien,Hip Hop/Rap
Jewel,Serve The Ego (Hani Num Dub),Rock
Nick Cave & The Bad Seeds,Still In Love,Rock
Bury Your Dead,Closed Eyes,Rock
G-Unit,Poppin' Them Thangs,Hip Hop/Rap
Saosin,Bury Your Head,Rock
Warren Barfield,Shadow,Christian
Dilated Peoples,Big Business,Hip Hop/Rap
Fever Ray,I'm Not Done,Electronic
Johnny Cash,I Got Stripes (Live),Country
Autumnblaze,Her Golden Robe In Silence Veiled,Rock
Kris Kristofferson,Same Old Song,Country
Gary Moore,Rockin' Every Night (Live),Rock
Christina Aguilera,Walk Away,Pop
Tammy Wynette,Stand By Your Man,Country
Whitesnake,Young Blood (2007 Digital Remaster),Rock
Ensiferum,Hero In A Dream,Rock
Red Hot Chili Peppers,Get On Top (Album Version),Rock
Tom Petty And The Heartbreakers,Mary Jane's Last Dance,Rock
John Hammond,Come To Find Out,Blues
Sweet,Airheads,Rock
Chimaira,The Flame,Rock
Snow Patrol,Chocolate,Rock
Sex Pistols,New York (Dave Goodman Demo Version) (Explicit),Rock
Bad Brains,Destroy Babylon,Rock
Raze,Follow Your Dreams (The Plan Album Version),Hip Hop/Rap
The Presets,Yippiyo-Ay,Electronic
Jennifer Lopez,Talk About Us,Pop
Silverstein,FRIENDS IN FALL RIVER  (LP Version),Rock
Alice In Chains,Brother,Rock
Matisyahu,Exaltation,Ska
Donny Hathaway,I Love You More Than You'll Ever Know (LP Version),Soul
Eddie Money,Two Tickets To Paradise,Rock
Cracker,Shake Some Action,Rock
Sade,Smooth Operator,R&B
Kenny Price,Biloxi,Country
3 Doors Down,Sarah Yellin',Rock
The Rapture,Killing,Rock
Dinosaur Jr,On The Brink,Rock
Snow Patrol,Half The Fun,Rock
The Box Tops,Neon Rainbow,Soul
Darwin Hobbs,You Are God (Broken Album Version),Christian
Tommy James & The Shondells,Crimson And Clover,Rock
Britney Spears,Don't Go Knockin' On My Door,Pop
Skeletonwitch,Sacrifice for the Slaughtergod,Rock
Kix,Cold Blood (LP Version),Rock
Maximilian Hecker,Full Of Voices,Pop
Whitesnake,Fool For Your Loving,Rock
Semisonic,If I Run,Rock
Novaspace,Guardian Angel,Electronic
Colin James,Sending A Message,Rock
John Mayer,Something's Missing,Rock
Dropline,Weight Of The World (Album Version),Rock
Furry Lewis,Judge Boushay Blues,Blues
Cancer Bats,Sabotage,Rock
DJ Quik,Pacific Coast Remix,Hip Hop/Rap
Blackalicious,Rock the Spot,Hip Hop/Rap
King Diamond,The Portrait (Live) (Reissue) (Album Version),Rock
Simple Minds,Careful In Career,Rock
Rihanna,Don't Stop The Music,R&B
Dokken,Disease,Rock
Guns N' Roses,Mama Kin,Rock
Skrape,Searching For Home,Rock
Silverchair,Cicada,Rock
Metallica,The End Of The Line,Rock
Casiotone For The Painfully Alone,Rice Dream Girl,Jazz
Mando Diao,Misty Mountains,Rock
Donnie McClurkin,All I Ever Really Wanted,Christian
Lost Boyz,Get Your Hustle On,Hip Hop/Rap
Suicidal Tendencies,Human Guinea Pig,Rock
Jennifer Brown,Naked,Pop
Pepper,Freeze,Rock
Red Hot Chili Peppers,Naked In The Rain (Album Version),Rock
Jonny Lang,The One I Got,Christian
Novembre,Triesteitaliana,Rock
Donna The Buffalo,Tides Of Time,Rock
Little Feat,Down On The Farm (2006 Remastered Edit Version),Pop
Death From Above 1979,Romantic Rights,Rock
Foo Fighters,If Ever,Rock
Eyehategod,Left To Starve,Rock
The Antlers,Stairs To the Attic,Pop
Open Hand,The Ambush,Rock
Kanye West,Through The Wire,Hip Hop/Rap
Lloyd Banks,South Side Story,Hip Hop/Rap
Sister Hazel,Space Between Us (Album Version),Rock
Kris Kristofferson,Darby's Castle,Country
Bad Religion,Doing Time (Album Version),Rock
Shawn Colvin,Sunny Came Home,Rock
Mobb Deep,Got It Twisted,Hip Hop/Rap
Marty Robbins,Have Thine Own Way Lord,Country
Cool For August,Don't Wanna Be Here (Album Version),Rock
Monster Magnet,CNN War Theme,Rock
Nirvana,Heart-Shaped Box,Rock
Randy Travis,Down At The Old Corral (Album Version),Country
The Black Crowes,Nonfiction,Rock
G-Unit,Money Make The World Go Around,Hip Hop/Rap
Mat Kearney,Never Be Ready,Rock
Julie Roberts,Unlove Me,Country
The Presets,If I Know You,Electronic
Irma Thomas,River Is Waiting,Blues
The Cardigans,Iron Man,Rock
Connie Francis,Embraceable You (LP Version from 'When The Boys Meet The Girls'),Pop
Silverchair,Suicidal Dream,Rock
U2,New York,Rock
Shakira,Did It Again (featuring Kid Cudi),Pop
Erik Hassle,Don't Bring Flowers,Pop
Soul Embraced,Someday (Immune Album Version),Rock
Nick Cave & The Bad Seeds,The Hammer Song (2010 Digital Remaster),Rock
Avril Lavigne,Innocence,Rock
Chimaira,Severed (demo) (Album Version),Rock
Bumblefoot,Abnormal (Acoustic),Rock
Hem,Redwing,Pop
Coven,Coven In Charing Cross,Rock
Snow Patrol,Shut Your Eyes,Rock
Dead Prez,Be Healthy,Hip Hop/Rap
Black Flag,Jealous Again,Rock
Muse,Stockholm Syndrome,Rock
The Velvet Underground,I Heard Her Call My Name,Rock
Little Eva,The Loco-Motion,Pop
Simple Minds,Chelsea Girl (Live),Rock
The Killers,Show You How,Rock
David Bowie,Space Oddity (1997 Digital Remaster),Rock
Charlotte Gainsbourg,Tel Que Tu Es,Pop
Aerosmith,Lord Of The Thighs,Rock
Del Tha Funkee Homosapien,Mistadobalina,Hip Hop/Rap
Rihanna,Good Girl Gone Bad,R&B
Britney Spears,Everytime,Pop
Rise Against,State Of The Union,Rock
Helmet,Your Head,Hip Hop/Rap
Shaman,For Tomorrow (live),Electronic
K-OS,Clap Ur Handz,Hip Hop/Rap
Delbert McClinton,Lose Your Money,Country
MC5,Miss X (LP Version),Rock
Washboard Sam,Bucket's Got A Hole In It,Blues
Tammy Wynette,Welcome To My World (Live),Country
Fun Lovin' Criminals,We Have All The Time In The World (Live),Hip Hop/Rap
OutKast,Happy Valentine's Day,Hip Hop/Rap
Warrant,Cherry Pie,Rock
Righteous Brothers,See That Girl,Pop
Randy Travis,Wind In The Wire (Album Version),Country
Tonic,Where Do I Fit,Rock
Dave Hollister,Bad When U Broke,Soul
Thomas Dolby,One Of Our Submarines,Rock
Randy Travis,On The Other Hand (Remastered Album Version),Country
Aerosmith,Angel,Rock
Michael McDonald,Love Can Break Your Heart (LP Version),Pop
The Pineapple Thief,Snowdrops,Rock
Buddy Jewell,Sweet Southern Comfort,Country
House Of Lords,Rock Bottom,Rock
Fun Lovin' Criminals,Love Unlimited (Explicit),Hip Hop/Rap
Chaotica,Turbocharger,Electronic
Placebo,Hardly Wait,Rock
Kraftwerk,Computer Love (2009 Digital Remaster),Electronic
FFH,Great Big Problem,Christian
NOFX,My Heart Is Yearning,Rock
GWAR,Let's Blame The Lightman,Rock
Sick Puppies,Master Of The Universe,Rock
Geggy Tah,Gina,Jazz
Loretta Lynn,I Can't Feel You Anymore,Country
Mista,I'll Sweat You (LP Version),Electronic
The Fray,Vienna,Rock
Skeeter Davis,He Says The Same Things To Me,Country
Skeeter Davis,Foggy Mountain Top,Country
Pepper,Stormtrooper (Live),Rock
The Rolling Stones,Time Is On My Side,Rock
Twila Paris,We Will Glorify (Key-B-Db-Premiere Performance Plus),Christian
Bob Carlisle,Man Of No Reputation,Christian
Eminem,Ricky Ticky Toc,Hip Hop/Rap
Barry Manilow,Come Monday,Pop
Dexys Midnight Runners,Until I Believe In My Soul,Rock
Jimi Hendrix,Voodoo Chile Blues,Rock
Tommy Castro,Sho' Enough,Blues
William Orbit,The Monkey King,Rock
Point Of Grace,Amazing (LP Version),Christian
Jack Johnson,You And Your Heart,Rock
Blue October,My Never,Rock
X,Motel Room In My Bed (LP Version),Rock
Jimi Hendrix,Fire,Rock
Phil Collins,Welcome,Pop
Teena Marie,Light,R&B
Mindless Self Indulgence,Never Wanted to Dance (Live In London),Electronic
Jim Bryson,Somewhere Else,Country
Information Society,More to This,Electronic
Foo Fighters,X-Static,Rock
U2,Vertigo,Rock
Pursuit Of Happiness,Hard To Laugh,Rock
Gym Class Heroes,New Friend Request (Amended Version),Hip Hop/Rap
Frankee,Gotta Man,Hip Hop/Rap
Operator,Soulcrusher (Amended Album Version),Rock
The Stooges,T.V. Eye (Take 3),Rock
Snow Patrol,Chasing Cars,Rock
Moonspell,Tired,Rock
Heaven 17,Resurrection Man,Rock
The Suicide Machines,Your Silence,Rock
Vaselines,Teenage Superstars (Album),Rock
Alice In Chains,Sickman,Rock
Seal,Prayer For The Dying (Album Version),Pop
The Pineapple Thief,Boxing Day,Rock
Ziggy Marley And The Melody Makers,What's True,Ska
Static-X,Love Dump (Clean Album Version),Rock
Sleepy John Estes,Street Car Blues,Blues
The Black Crowes,Girl From A Pawnshop,Rock
Foo Fighters,Razor,Rock
Hot Chip,Hold On,Electronic
Mudhoney,It Is Us,Rock
Latif,Luv In the First,R&B
Rickie Lee Jones,Love Is Gonna Bring Us Back Alive,Rock
The Stranglers,It Only Takes Two To Tango,Rock
Babe Ruth,Dancer (2007 Digital Remaster),Pop
Emperor,With Strength I Burn,Rock
Uriah Heep,Wake The Sleeper,Rock
Margaret Becker,Start The Fire,Christian
Sugarbomb,Gone,Rock
Paloalto,Seed,Rock
Margaret Becker,Stay Close To Me,Rock
April Wine,Say Hello,Rock
Al Denson,Love Is Taking Hold,Christian
Whitesnake,Love Ain't No Stranger (2003 Digital Remaster),Rock
Twista,The Day After (featuring Syleena Johnson) (Explicit Chopped & Screwed Version),Hip Hop/Rap
The Police,Wrapped Around Your Finger,Rock
Shania Twain,Raining On Our Love,Country
The High Strung,The Luck You Got,Rock
Pursuit Of Happiness,Down On Him,Rock
K-OS,Heaven Only Knows,Hip Hop/Rap
Dave Hollister,I'm Wrong,Soul
Whitesnake,Don't Mess With Me (2006 Digital Remaster),Rock
Mirah,Apples in the Trees (Live),Rock
Dee Clark,Just Keep It Up,R&B
Tom Cochrane,Revelations:  Visions In A Dream,Rock
From Autumn To Ashes,Sensory Deprivation Adventure,Rock
Casiotone For The Painfully Alone,Dying Batteries,Jazz
James Taylor,One More Go Round,Rock
Gang Starr,Say Your Prayers,Hip Hop/Rap
Hurricane,I'm On To You,Rock
Wayne Watson,Somebody Sing,Christian
Petra,Don't Let Your Heart Be Hardened (This Means War Album Version),Christian
Avril Lavigne,How Does It Feel,Rock
Crabby Appleton,Go Back,Rock
Lil Boosie,I Remember (amended album version),Hip Hop/Rap
Wilshire,When,Christian
Cowboy Mouth,Disconnected,Rock
Alice In Chains,I Know Somethin (Bout You),Rock
Amoral,The Last Round,Rock
L.A. Guns,Magdalaine,Rock
UFO,Out In The Street (Live In Cleveland_ Ohio),Rock
Lizzy Borden,There Will Be Blood Tonight,Rock
Mike And The Mechanics,Nobody's Perfect,Rock
Atari Teenage Riot,Destroy 2000 Years Of Culture,Electronic
Jeff Beck Group,Jody,Rock
Katie Armiger,Love Without Fear,Country
Hot Tuna,Death Don't Have No Mercy,Rock
Bob Wills,Bubbles in My Beer,Country
Fat Joe,Prove Something (explicit album version),Hip Hop/Rap
Blue Rodeo,Mystic River,Rock
Ice Cube,Why We Thugs (edited version),Hip Hop/Rap
Radney Foster,Again,Country
Simon & Garfunkel,Old Friends,Pop
Dark Fortress,Evenfall,Rock
Ayo,Down On My Knees,R&B
Mindy McCready,Be With Me,Country
BT,Knowledge Of Self (Evol Intent Remix),Electronic
Geggy Tah,Special Someone,Rock
Bumblefoot,Piranha,Rock
Red Hot Chili Peppers,Venice Queen (Album Version),Rock
Peter Tosh,Soon Come (2002 Digital Remaster),Pop
Blind Willie Johnson,If I Had My Way I'd Tear This Building Down,Blues
Bob Marley,Small Axe,Ska
A Tribe Called Quest,Scenario,Hip Hop/Rap
Dark Fortress,Ghastly Indoctrination,Rock
Jeff Beck Group,Ice Cream Cakes,Rock
Kings Of Leon,Genius,Rock
Michael Jackson,Just A Little Bit Of You,R&B
Kraftwerk,Pocket Calculator (2009 Digital Remaster),Electronic
Stevie Ray Vaughan And Double Trouble,Mary Had A Little Lamb,Rock
L7,This Ain't Pleasure,Rock
Moments In Grace,Broken Promises (album version),Rock
Connie Smith,I'll Come Running,Country
Nine Inch Nails,Survivalism,Rock
Suicidal Tendencies,Two-Sided Politics,Rock
Eminem,Beautiful,Hip Hop/Rap
Mariah Carey,Mine Again,Pop
Frankie J,Gone,R&B
Bob Marley,Lively Up Yourself,Ska
Buzzcocks,Get On Our Own,Rock
Backstreet Boys,Shape Of My Heart,Pop
Korn,Proud,Rock
Devo,Soo Bawlz,Rock
Rihanna,Music Of The Sun,R&B
Matisyahu,Refuge,Ska
Ashton Shepherd,Old Memory,Country
Tom Cochrane,Washed Away,Rock
Gov't Mule,Broke Down On The Brazos (Album),Rock
Sir Douglas Quintet,She's About A Mover,Rock
Michelle Tumes,Christe Eleison (Christ Have Mercy) (Center Of My Universe Album Version),Christian
OutKast,Call Of Da Wild,Hip Hop/Rap
Michael Jackson,Dirty Diana,R&B
Rea_ Chris,E,Rock
Baby D,Let Me Be Your Fantasy,Electronic
Patti Smith,Wing,Rock
The Fabulous Thunderbirds,Why Get Up,Rock
Van Halen,Can't Stop Lovin' You (Remastered Album Version),Rock
Wolfmother,Dimension,Rock
Suicidal Tendencies,It's Going Down,Rock
Adam Ant,Friend Or Foe,Rock
Rainbow,Can't Happen Here,Rock
Kathy Mattea,The Southern Soldier Boy,Country
White Heart,Edge Of The Dream (Emergency Broadcast Album Version),Christian
Chuck Wicks,If We Loved,Country
Beyoncé,Ring The Alarm,R&B
Steve Vai,Brother,Rock
Mighty Mighty Bosstones,Patricia,Ska
Michael Jackson,We're Almost There,R&B
45 Grave,Party Time,Rock
The Ataris,The Hero Dies in This One,Rock
Fall Out Boy,Dance_ Dance,Rock
White Heart,Hold On,Christian
Patty Griffin,Moses,Rock
The Doors,Strange Days ( LP Version ),Rock
40 Grit,A Part Of Me,Rock
Johnny Horton,Got The Bull By The Horns,Country
Britt Nicole,Don't Worry Now (Performance Track In Key Of Db Without Background Vocals),Christian
Carl Smith,Loose Talk,Country
Patsy Cline,I Cried All The Way To The Altar,Country
Bad Company,Valerie (LP Version),Rock
Incubus,Warning,Rock
Bryan Ferry,Wildcat Days (1999 Digital Remaster),Rock
Santana,Let It Shine,Blues
Janet Jackson,When I Think Of You,R&B
Chris Brown,So Glad,R&B
Lollipop Lust Kill,No Answer (Outro),Rock
Agnostic Front,Undertow,Rock
Kenny G,Don't Make Me Wait For Love,Jazz
Frederick Knight,I've Been Lonely (For So Long),R&B
Phantom Planet,Leader (Album Version),Rock
Amil,Anyday,Hip Hop/Rap
Circle Jerks,Paid Vacation,Rock
30 Seconds To Mars,Night of the Hunter (Static Revenger Remix),Rock
Hatebreed,Boxed In (Subzero),Rock
Jennifer Lopez,Play,Pop
Twista & The Speedknot Mobstaz,Warm Embrace (LP Version),Hip Hop/Rap
Pursuit Of Happiness,No Safe Place,Rock
Redman,Jam 4 U,Hip Hop/Rap
Silverstein,BLEEDS NO MORE (Live Version),Rock
Twista,It Feels So Good (Album Version),Hip Hop/Rap
Kings Of Leon,Day Old Blues,Rock
Sex Pistols,Seventeen,Rock
Atari Teenage Riot,Revolution Action,Electronic
Scott Weiland,The Date ( LP Version ),Rock
Kris Kristofferson,Killer Barracuda,Country
Bravehearts,Sensations,Hip Hop/Rap
Jason Mraz,Did You Get My Message?  (Live From Shubas),Rock
Lil' Romeo,Don't Want To,Hip Hop/Rap
Seal,The Beginning (Giro E Giro Mix),Pop
Curtis Mayfield,Superfly (Single Mix Version),R&B
Sugar Ray,Mean Machine (Remastered LP Version),Rock
Rick Astley,You Move Me,Pop
FFH,Why Do I,Christian
Britt Nicole,Set The World On Fire,Christian
Toni Braxton,He Wasn't Man Enough,R&B
Van Halen,Panama (Album Version),Rock
Burning Spear,Tumble Down,Ska
Mungo Jerry,Alright_ Alright_ Alright,Rock
Wyclef Jean,Heaven's In New York,Hip Hop/Rap
Thomas Dolby,Screen Kiss,Rock
The Distillers,Oh Serena,Rock
Amil,Get Down,Hip Hop/Rap
It Dies Today,Sixth of June,Rock
Dean Martin,Pennies From Heaven,Jazz
Emperor,In the Wordless Chamber,Rock
Uriah Heep,Ghost of the Ocean (Live),Rock
Sasha,Owner Of My Heart (Album Version),Electronic
30 Seconds To Mars,Hunter,Rock
Silverstein,MY CONSOLATION (LP Version),Rock
Mando Diao,All My Senses,Rock
The Clash,Lose This Skin,Rock
Madonna,Bedtime Story (Album Version),Pop
The Rolling Stones,Fortune Teller,Rock
Jah Cure,To Your Arms of Love,Ska
Nightwish,Sleepwalker,Rock
The Police,Voices Inside My Head,Rock
Zeromancer,Mosquito Coil,Rock
Al Denson,Rain Love,Christian
Leona Naess,Heavy Like Sunday,Rock
Phil Collins,Dance Into The Light (LP Version),Rock
Kathy Mattea,Standing Knee Deep In a River (Dying Of Thirst),Country
Santana,Persuasion,Blues
Behemoth,He Who Breeds Pestilence,Rock
Sylver,Sympathy,Dance
Shakira,Poem To A Horse,Pop
Taking Dawn,Black Diamond,Rock
Eminem,Paul,Hip Hop/Rap
Dixie Chicks,Lullaby,Country
Wyclef Jean,Something About Mary,Hip Hop/Rap
Phil Collins,That's What You Said  (LP Version),Rock
Phil Collins,I Cannot Believe It's True,Rock
Rickie Lee Jones,It Must Be Love (Live Acoustic Version),Rock
No Address,Pretty Girl (Amended Version),Rock
Rihanna,The Hotness (ft. Shontelle),R&B
Helmet,Everybody Loves You,Hip Hop/Rap
The Cure,Lost,Rock
K's Choice,A Sound That Only You Can Hear,Rock
The Police,Man In A Suitcase,Rock
Oasis,Columbia,Pop
Don Gibson,Who Cares,Country
Bruce Springsteen,Rosalita (Come Out Tonight),Rock
Devo,The 4th Dimension (LP Version),Rock
Alicia Keys,Heartburn,R&B
My Chemical Romance,Interlude (Album Version),Rock
Hot Chip,Ready For The Floor (Radio Edit),Electronic
OutKast,Wailin',Hip Hop/Rap
Hank Locklin,Send Me The Pillow You Dream On,Country
Bad Religion,The Lie,Rock
Jessica Simpson,Take My Breath Away,Pop
Don Gibson,Blue Blue Day,Country
Alicia Keys,If I Was Your Woman,R&B
Mariah Carey,Clown,Pop
Kane,All I Can Do,Rock
Aswad,Your Recipe,Ska
Jonny Lang,One Person At A Time,Christian
Jennifer Lopez,We Gotta Talk,Pop
Cowboy Mouth,Jenny Says,Rock
Gang Starr,Mostly Tha Voice (Explicit),Hip Hop/Rap
Vixen,American Dream,Electronic
Metallica,Metal Militia,Rock
Johnny Horton,The Woman I Need (Honky Tonk Mind),Country
Dixie Chicks,Hole In My Head,Country
Janis Joplin,Get It While You Can,Rock
Bad Company,Simple Man,Rock
King Diamond,Shrine (Reissue) (Album Version),Rock
Jay & The Americans,Let's Lock The Door (And Throw Away The Key),Rock
Dilated Peoples,World On Wheels,Hip Hop/Rap
Foo Fighters,Overdrive,Rock
Akon,Don't Matter,R&B
Slipknot,Gently (Album Version),Hip Hop/Rap
The Ataris,I Won't Spend Another Night Alone,Rock
Chris Brown,I Love U,R&B
Dropkick Murphys,Going Strong (Album Version),Rock
Beyoncé,Single Ladies (Put A Ring On It),R&B
Belle and Sebastian,I Could Be Dreaming,Rock
Tom Petty,Wildflowers (Album Version),Rock
Annie Lennox,A Whiter Shade Of Pale,Pop
Blink-182,All Of This,Rock
Dimmu Borgir,The Chosen Legacy,Rock
Shakira,Donde Estas Corazon,Pop
Petra,Hollow Eyes (Beat The System Album Version),Christian
James Taylor,Down In The Hole,Rock
Soulwax,Soul Simplicity,Rock
Sister Hazel,Come Around (Acoustic),Rock
The Strokes,Between Love & Hate,Rock
Britney Spears,My Prerogative,Pop
Cockney Rejects,Oi! Oi! Oi!,Rock
Billie Jo Spears,What I've Got In Mind,Country
UFO,Out In The Street,Rock
Busta Rhymes,Genesis,Hip Hop/Rap
To My Surprise,Easy or Not (Album Version),Rock
Bob Dylan,Trying To Get To Heaven,Rock
Snow Patrol,Spitting Games,Rock
Rise Against,Drones,Rock
Lesley Gore,It's My Party,Pop
Thrice,The Earth Isn't Humming,Rock
Snow Patrol,New Sensation,Rock
Salt The Wound,From My Hands,Rock
The Misfits,The Haunting,Rock
Dickies,Just Say Yes,Rock
Audio Adrenaline,Some Kind Of Zombie (Criscoteque Remix),Rock
Kiss,Radar For Love,Rock
Back Door Slam,Heavy On My Mind (Album Version),Rock
The Jam,The Modern World,Rock
Ann Lee,So deep,Pop
Carl Belew,Am I That Easy To Forget,Country
Grizzly Bear,Little Brother,Pop
George Jones,Ol' Frank,Country
Julie Roberts,The Chance,Country
Natalie Cole,The Gift,R&B
Teena Marie,Playboy,R&B
Amorphis,Misery Path (From the Privilege of Evil),Rock
Britney Spears,3,Pop
Thrice,Red Sky,Rock
Amorphis,Crimson Wave,Rock
Lost Boyz,What's Wrong,Hip Hop/Rap
Anti-Flag,On Independence Day,Rock
Helmet,Street Crab,Hip Hop/Rap
3OH!3,CHOKECHAIN (Amended Album Version),Hip Hop/Rap
The Ataris,Whatever Lies Will Help You Rest,Rock
Michael Card,Joy In The Journey (The Final Word Album Version),Christian
Nine Inch Nails,Sin,Rock
Bob Marley & The Wailers,Smile Jamaica,Ska
Taking Back Sunday,Catholic Knees (Album Version),Rock
Belphegor,The Sukkubus Lustrate,Rock
Brian Littrell,Wish,Pop
Arctic Monkeys,Fake Tales Of San Francisco,Rock
Seven Mary Three,Hammer & a Stone,Rock
Sunscreem,Perfect Motion,Electronic
Coldplay,Speed Of Sound (Live),Rock
Bloc Party,One More Chance,Rock
George Huff,Have Yourself A Merry Little Christmas (LP Version),Pop
The Smashing Pumpkins,Real Love,Rock
Rihanna,We Ride,R&B
Oceansize,New Pin (edit),Rock
Blackalicious,World Of Vibrations (Album Version),Hip Hop/Rap
Dishwalla,Moisture,Rock
Happy Mondays,Olive Oil,Rock
Aiden,Black Market Hell,Rock
Eastmountainsouth,Hard Times,Pop
David Phelps,One King (Album Version),Christian
Darden Smith,Perfect Moment,Blues
VHS Or Beta,You Got Me (The Juan Maclean Dub),Rock
Righteous Brothers,Little Latin Lupe Lu,Pop
Kane,Rain Down On Me,Rock
Foals,Red Socks Pugie,Rock
Faith Hill,I Want You (Album Version),Country
Liquid Gang,I Applaud You  (LP Version),Rock
Carolyn Arends,Happy,Christian
Devo,Going Under,Rock
Tracy Byrd,Walking To Jerusalem,Country
Casiotone For The Painfully Alone,White Jetta,Jazz
Michael Card,Arise_ My Love (Song Of Solomon),Christian
Rachael Starr,Till There Was You (John Creamer & Stephane K Remix),Electronic
Rancid,Meteor Of War (Album Version),Ska
Circle Jerks,Question Authority,Rock
Nick Cave & The Bad Seeds,Wings Off Flies (2009 Digital Remaster),Rock
The Gathering,Gaya's Dream,Electronic
Jefferson Starship,Fading Lady Light,Rock
Amy Winehouse,Valerie,R&B
Eazy-E,I'mma Break It Down,Hip Hop/Rap
Heaven 17,Come Live With Me (12'' Extended Version) (2006 Digital Remaster),Rock
Faron Young,It's Four In The Morning,Country
Dixie Chicks,Give It Up Or Let Me Go,Country
Loretta Lynn,I'd Rather Have Jesus,Country
Fake Problems,Tabernacle Song,Rock
Eurythmics,A Little Of You,Pop
Yellowcard,One Year_ Six Months,Rock
Elvenking,Trows Kind,Rock
Jason Michael Carroll,No Good In Goodbye,Country
Michael Jackson,I Wanna Be Where You Are,R&B
Mariah Carey,Someday,Pop
Helmet,Give It,Hip Hop/Rap
Dax Riggs,Radiation Blues,Blues
Creedence Clearwater Revisited,Proud mary,Rock
Elvenking,A Fiery Stride (Ltd. Edition Bonus),Rock
Fernando Ortega,Don't Let Me Come Home A Stranger (LP Version),Christian
Amorphis,Into Hiding,Rock
Tammy Wynette,I Stayed Long Enough,Country
LL Cool J,Headsprung,Hip Hop/Rap
Kris Kristofferson,Snakebit,Country
The All American Rejects,The Future Has Arrived,Rock
Camp Lo,Sparkle,Hip Hop/Rap
Daniel Johnston,High Horse,Jazz
Marc Broussard,Going Home (Album Version),Pop
Lifer,Breathless,Rock
Future Leaders of the World,Spotlight,Rock
Zeromancer,The Death Of Romance,Rock
Deftones,Lotion (LP Version),Rock
Jesse Malin,Going Out West,Rock
Naughty By Nature,Family Tree,Hip Hop/Rap
Michael Jackson,Girl You're So Together,R&B
Stephen Marley,Mind Control,Ska
Novembre,Reason,Rock
Berlin,Blink Of An Eye (Alternative),Rock
Leon Russell,Out In The Woods,Country
Pearl Jam,You Are,Rock
Shai Hulud,We Who Finish Last,Rock
Y&T,Contagious,Rock
Story Of The Year,Meathead (Album Version) (Non-PA),Rock
Atomship,Whitfield,Rock
Patti Smith Group,Wave,Rock
ATB,Believe In Me (Clubb Mix),Electronic
Shania Twain,Two Hearts One Love,Country
Evanescence,Missing (Live in Europe),Rock
Faith Hill,Unsaveable (Album Version),Country
Suicidal Tendencies,Monopoly On Sorrow,Rock
Dark new Day,Free (Album Version),Rock
Peter Gallagher,Everytime It Rains,Jazz
Rickie Lee Jones,Away From The Sky,Rock
Raze,Celebration (The Plan Album Version),Hip Hop/Rap
Bebo Norman,Sunday,Christian
Van Halen,Runaround (Live Version),Rock
Faith Hill,Red Umbrella (Album Version),Country
Happy Mondays,Grandbag's Funeral,Rock
Letters To Cleo,Co-Pilot (Album Version),Rock
Bad Company,Call On Me,Rock
Marshall Crenshaw,Rave On (Live 1982),Rock
Kiss,Every Time I Look At You,Rock
Guns N' Roses,Catcher In The Rye,Rock
Danielle Bollinger,When the Broken Hearted Love Again,Electronic
Missy Higgins,The Special Two (Australian Version),Pop
Dropkick Murphys,The Only Road (Album Version),Rock
Carpenters,An Old Fashioned Christmas,Rock
Sick Of It All,Consume (LP Version),Rock
3 Doors Down,Be Like That,Rock
DMX,I'ma Bang,Hip Hop/Rap
The White Stripes,A Martyr For My Love For You,Rock
Rick Astley,Never Gonna Give You Up,Pop
The Berzerker,Pure Hatred,Electronic
Mungo Jerry,Pushbike Song,Rock
Bone Thugs-N-Harmony,Servin' Tha Fiends,Hip Hop/Rap
Bad Religion,Infected,Rock
Gwen Stefani,What You Waiting For?,Pop
Juelz Santana,There It Go (The Whistle Song),Hip Hop/Rap
The Game,Da Shit,Hip Hop/Rap
Jesse Malin,Since You're In Love,Rock
Franz Ferdinand,No You Girls,Rock
The Prodigy,What Evil Lurks,Electronic
Kyle Riabko,Doesn't Get Much Better,Rock
Y&T,Mean Streak,Rock
Scar Symmetry,Abstracted,Rock
Nick Cave & The Bad Seeds,Loverman,Rock
Slick Rick,Kill Niggaz,Hip Hop/Rap
Rihanna,Breakin' Dishes,R&B
The Fray,Absolute,Rock
Santana,Interplanetary Party,Blues
Roger Sanchez,Lost,Electronic
Shawn Colvin,These Four Walls,Rock
Simple Minds,See The Lights (2002 Digital Remaster),Rock
Franz Ferdinand,Do You Want To,Rock
Aswad,Ina Your Rights,Ska
Kanye West,School Spirit Skit 2,Hip Hop/Rap
Guns N' Roses,You're Crazy,Rock
Ned Miller,From a Jack To a King,Country
The Shangri-Las,Out in the Streets,Pop
MxPx,You Found Me,Rock
Tony Joe White,If I Ever Saw A Good Thing (Album Version),Rock
Akon,Lonely,R&B
Gym Class Heroes,To Bob Ross With Love (Album Version),Hip Hop/Rap
Stellar Kart,I Give Up (Album Version),Christian
Bon Jovi,The Distance,Rock
FFH,You And Only You,Christian
Hanoi Rocks,Mental Beat,Rock
Phantom Planet,After Hours,Rock
Vonray,Part Of Me (LP Version),Rock
Dionne Warwick,I've Been Loving You Too Long (LP Version),R&B
Michael Stanley Band,He Can't Love you,Rock
Jesse Malin,Broken Radio,Rock
Twila Paris,Come Emmanuel (House Of Worship Album Version),Christian
Leona Naess,Star Signs,Rock
Set Your Goals,summer jam,Rock
Marty Robbins,A Castle In The Sky,Country
Urge Overkill,Crackbabies,Rock
Mint Condition,Call Me,R&B
Erin O'Donnell,You Were The One (Wide Wide World Album Version),Christian
Annie Lennox,Little Bird,Pop
Mudhoney,New Meaning,Rock
Wyclef Jean,Guantanamera,Hip Hop/Rap
Bukka White,Sleepy Man Blues,Blues
Static-X,Night Terrors (Album Version),Rock
Iggy Pop,Main Street Eyes,Rock
Billie Jo Spears,Misty Blue,Country
Jennifer Lopez,Still,Pop
Sister Hazel,Vacation Rain (Album),Rock
Justin Timberlake,Love Don't Love Me (Justin Timberlake) (Amended Version),Pop
Sade,Morning Bird,R&B
Slipknot,Skin Ticket (Live version) (Album Version),Hip Hop/Rap
Owl City,On The Wing,Electronic
Keb' Mo',The Door,Blues
Brooke White,Hold Up My Heart,Rock
The Ocean,Eoarchaean,Rock
Tones On Tail,Burning Skies,Rock
City High,What Would You Do?,R&B
Martina McBride,Heart Trouble,Country
Reach 454,6 Yrs (Album Version ),Rock
John Mellencamp,Down And Out In Paradise,Rock
Soulwax,Kill Your Darlings,Rock
Every Time I Die,Your Touch Versus Death,Rock
The Killers,A White Demon Love Song (Soundtrack Album Version),Rock
DeGarmo & Key,Jericho  (Straight On Album Version),Christian
Jack Johnson,Adrift,Rock
Blue Rodeo,Fools Like You,Rock
Bob Marley & The Wailers,Three Little Birds,Ska
New York Dolls,Trash (live Paris),Rock
Kool Moe Dee,Death Blow,Hip Hop/Rap
Martina McBride,Anything's Better Than Feelin' The Blues,Country
April Wine,Babes In Arms,Rock
Mariah Carey,Honey,Pop
Black Flag,Out Of This World,Rock
Neil Diamond,Song Sung Blue,Rock
Evanescence,Good Enough,Rock
Lighthouse Family,Ocean Drive,Pop
Hatebreed,Mark My Words (Album Version),Rock
Small Faces,Itchycoo Park,Rock
The Rolling Stones,Stop Breaking Down (1994 Digital Remaster),Rock
Taking Back Sunday,I Am Fred Astaire (Album Version),Rock
Cindy Morgan,I Will Be Free (LP Version),Christian
Coldplay,The World Turned Upside Down,Rock
Deftones,Korea (LP Version),Rock
4Him,He Never Changes,Christian
Tammy Wynette,It Is No Secret (What God Can Do),Country
Billie Jo Spears,'57 Chevrolet,Country
White Heart,Speed Of Sound (Emergency Broadcast Album Version),Christian
Thrice,All That's Left,Rock
Eleanor McEvoy,Easy To Lose Hope,Rock
MxPx,Drum Machine Joy,Rock
Electric Light Orchestra,Queen Of The Hours (2001 Digital Remaster),Rock
Bone Thugs-N-Harmony,2 Glocks,Hip Hop/Rap
Rihanna,Good Girl Gone Bad,R&B
Nick Cave & The Bad Seeds,Christina The Astonishing (2010 Digital Remaster),Rock
Melissa Auf der Maur,The Key,Rock
System of a Down,Streamline,Rock
Foghat,Zig-Zag Walk,Rock
The Winans,The Question Is (Album Version),Christian
Toni Braxton,Best Friend,R&B
Republica,Pub Pusher,Electronic
Jars Of Clay,Don't Stop,Rock
Maximilian Hecker,Let Me Out,Pop
Dickies,Pretty Please Me,Rock
3 Doors Down,Here Without You,Rock
Barry Manilow,This One's For You,Pop
Busta Rhymes,When Disaster Strikes (Explicit LP Version),Hip Hop/Rap
Josh Turner,Softly And Tenderly,Country
Slum Village,CB4,Hip Hop/Rap
Simply Red,So Not Over You (Motivo-Pop Lectro Mix),Rock
Bon Jovi,Only Lonely,Rock
Erick Sermon,I'm Hot,Hip Hop/Rap
Mariah Carey,Touch My Body,Pop
Arc Angels,Sent By Angels,Blues
Randy Travis,Don't Take Your Love Away From Me (Album Version),Country
Bryan White,Love Happens Just Like That (LP Version),Country
The Roches,Losing True (Album Version),Rock
Guns N' Roses,Sweet Child O' Mine,Rock
Devo,Be Stiff (Live),Rock
Joe Bonamassa,So Many Roads,Rock
Blind Willie Johnson,John the Revelator,Blues
Erick Sermon,Erick Sermon,Hip Hop/Rap
Pepper,Point And Shoot (Demo),Rock
Blackfoot,Heart's Grown Cold (LP Version),Rock
EPMD,Head Banger,Hip Hop/Rap
Donnie McClurkin,Psalm 27,Christian
Bessie Smith,Chicago Bound Blues,Blues
Talking Heads,Papa Legba (2005 Digital Remaster),Rock
The Ataris,Make It Last,Rock
Winds Of Plague,Origins And Endings,Rock
Brooke Valentine,American Girl,Hip Hop/Rap
Behemoth,Malice,Rock
The Mighty Mighty Bosstones,Pictures To Prove It,Ska
The Cardigans,Marvel Hill,Rock
Kenny Rogers,Love Is What We Make It,Country
Mississippi John Hurt,Coffee Blues,Blues
Robert Palmer,Man Smart Woman Smarter,Soul
Leona Naess,Paper Thin,Rock
Vixen,One Night Alone,Electronic
Gorillaz,All Alone (Live),Hip Hop/Rap
Phil Collins,Please Come Out Tonight,Rock
Warrant,Bed Of Roses,Rock
Lil Wayne,Fly Talkin',Hip Hop/Rap
Seventh Day Slumber,Famous One,Rock
Firehouse,Talk Of The Town,Rock
Casiotone For The Painfully Alone,Attic Room,Jazz
The Prodigy,Firestarter,Electronic
Phil Collins,Testify,Rock
Adam Ant,Mohair Locker Room Pin-Up Boys,Rock
Gary Go,Open Arms,Pop
He Is Legend,Stampede,Rock
Cece Winans,Come On Back Home,Christian
bel canto,Rumour (Abstract Hip Hop Mix),Hip Hop/Rap
Remy Shand,The Second One,R&B
The Cardigans,Explode,Rock
Alicia Keys,Karma,R&B
Ned Miller,From A Jack To A King,Country
Grandmaster Flash,Underarms,Hip Hop/Rap
30 Seconds To Mars,End Of The Beginning,Rock
EPMD,For My People,Hip Hop/Rap
Naughty By Nature,Ring The Alarm,Hip Hop/Rap
Janet Jackson,Again (Instrumental),R&B
Ben Jelen,Come On (Sessions@AOL Version),Pop
Suicidal Tendencies,Looking In Your Eyes,Rock
Roger Creager,All For The Sake Of The Song,Country
Phil Collins,Everyday,Rock
Silverstein,Defend You (Album Version),Rock
Life In Your Way,When Rules Change,Rock
22-20s,Hold On,Rock
FFH,Listen,Christian
Patty Griffin,All Creatures Of Our God And King,Rock
Joey Negro,Make A Move On Me,Electronic
Bloc Party,Zephyrus,Rock
Atreyu,Shameful (LP Version),Rock
Hall & Oates,Fall in Philadelphia,Rock
Jimmy Wayne,She Runs,Country
Sister Hazel,Concede,Rock
Basement Jaxx,Feelings Gone (feat. Sam Sparro) (Joachim Garraud Remix),Electronic
Jesus Jones,Yellow Brown,Electronic
Deftones,No Ordinary Love (Remastered LP Version),Rock
Foghat,Dead End Street,Blues
UFO,Cherry,Rock
Queens Of The Stone Age,Everybody's Gonna Be Happy,Rock
George Harrison,All Things Must Pass (2009 Digital Remaster),Rock
George Michael,Shoot The Dog,Rock
3 Doors Down,Better Life,Rock
Radiohead,Everything In Its Right Place,Rock
Talib Kweli,Everything Man (Album Version),Hip Hop/Rap
Open Hand,Tough Guy,Rock
EPMD,I'm Mad,Hip Hop/Rap
Eddy Arnold,Molly Darling,Country
The Game,Scream On Em,Hip Hop/Rap
Dinosaur Jr,Green Mind,Rock
Jesse Malin,Harmony,Rock
Wednesday 13,Haunt Me (Album Version),Rock
Sandi Thom,When Horsepower Meant What It Said,Pop
Chimaira,Army Of Me (Album Version),Rock
The Ronettes,(The Best Part Of) Breakin' Up,Pop
Charlotte Gainsbourg,IRM,Pop
DMX,Look Thru My Eyes,Hip Hop/Rap
Public Image Ltd,This Is Not A Love Song,Rock
Joe Bonamassa,I Know A Place,Rock
Asleep At The Wheel,The Letter That Johnny Walker Read,Country
Bad Company,Crazy Circles,Rock
Phantom Planet,The Meantime,Rock
Madonna,Papa Don't Preach,Pop
The Jam,Start!,Rock
Drop Dead_ Gorgeous,Are You Happy (Album Version),Rock
Guns N' Roses,Patience,Rock
Dungeon Family,Follow The Light,Hip Hop/Rap
Strata,Night Falls (The Weight Of It),Rock
Tampa Red,No Matter How She Done It,Blues
Kanye West,Diamonds From Sierra Leone,Hip Hop/Rap
The Killers,A Dustland Fairytale,Rock
Minnie Riperton,Lovin' You,R&B
4Him,Strange Way To Save The World,Christian
